#{"t_start": 1673782223.7946267, "env_id": "sokoban-turtle-v0"}
r,l,t
-14.0,59,1256.791332
-10.0,42,1672.173673
-32.0,49,2130.267427
-8.0,46,2531.903976
-22.0,44,2974.330401
-20.0,70,4446.567037
-2.0,33,5262.111078
-2.0,32,5842.453974
-14.0,51,6124.603864
-10.0,36,6594.2802
0.0,43,7471.014218
-2.0,57,8534.602179
-10.0,46,9385.766656
-32.0,53,10647.774337
-18.0,48,11761.778951
-8.0,36,12492.438686
-8.0,55,13278.852102
-12.0,36,13934.692896
-12.0,44,14671.578419
-16.0,42,15373.527379
-12.0,44,16339.181111
-10.0,45,18039.648045
-8.0,50,20112.65041
-12.0,48,20928.699062
-20.0,43,21216.523823
-4.0,46,21948.040802
-14.0,60,22215.38197
-20.0,34,22386.27512
-20.0,45,22959.686853
-12.0,36,23474.577104
-8.0,35,24250.044413
-26.0,60,24713.633106
-6.0,46,25420.156923
-4.0,35,25425.529415
-8.0,46,26030.826908
-10.0,42,26472.352494
-16.0,52,26975.24196
-20.0,53,27196.644816
-12.0,50,27801.202524
-6.0,40,28107.185068
-12.0,44,28416.011934
-16.0,51,28984.594508
-16.0,55,29264.78739
-4.0,44,29644.726627
-14.0,34,29991.263915
-6.0,46,30736.059602
-4.0,33,31316.327368
-8.0,26,31842.918151
-32.0,48,32783.045472
-4.0,53,33420.17473
0.0,48,33764.758446
0.0,39,34145.320381
0.0,36,34569.22775
-14.0,45,35907.346398
-4.0,41,36588.342275
0.0,41,37000.460234
-8.0,48,37453.807419
4.0,43,38440.504109
-24.0,61,39487.660369
0.0,46,40384.749421
0.0,39,40634.398073
12.0,54,41410.42944
-4.0,34,41413.901981
108.0,25,41548.550295
4.0,51,42731.913725
-10.0,44,43677.944873
-4.0,39,44315.893046
2.0,42,45493.997067
-8.0,34,46472.300353
-14.0,34,46942.7241
-10.0,39,47986.300761
-6.0,64,48886.512501
-10.0,43,49654.544871
-12.0,40,50921.086114
-2.0,45,51280.727551
-16.0,48,51700.75518
-16.0,35,52015.533592
0.0,38,52802.74876
-30.0,46,53835.503608
-29.0,52,54496.602492
-8.0,44,54998.342193
8.0,46,55497.743738
2.0,45,55681.293836
0.0,35,56126.360955
-6.0,41,57141.632604
-8.0,51,57423.346889
6.0,57,57894.659359
0.0,50,58592.185213
-18.0,46,59118.902241
-12.0,34,60751.662792
-8.0,53,61290.637214
-20.0,46,62339.713995
8.0,49,63919.419918
8.0,52,64179.387414
-4.0,36,64499.611305
4.0,40,64957.405571
-14.0,50,65807.22541
8.0,38,66337.132532
-6.0,48,66500.618553
4.0,65,67419.08525
-13.0,47,68496.153975
0.0,35,68838.359241
-10.0,58,69468.670594
6.0,44,69724.138182
-2.0,50,70371.309722
4.0,43,70423.795202
-2.0,58,70962.903314
-4.0,35,71285.287876
0.0,48,71520.539007
-8.0,37,71779.841397
4.0,38,72297.472012
0.0,41,73491.777568
0.0,55,74207.777013
-5.0,43,74547.184298
-4.0,40,75050.052461
0.0,30,75203.872226
12.0,42,75356.139679
8.0,50,76716.10854
0.0,50,77501.852968
8.0,38,78245.508862
-2.0,48,79233.190921
-4.0,33,79531.367217
4.0,46,80396.456345
-4.0,48,81407.384242
-4.0,46,82736.052568
-18.0,62,84436.309587
0.0,51,85890.456721
0.0,56,87625.859607
-6.0,43,87933.530652
8.0,38,88310.762697
-4.0,38,88591.086058
-16.0,48,88711.52225
-6.0,49,88860.888747
-4.0,49,90237.656085
-4.0,50,91281.765345
16.0,38,91553.686146
-2.0,45,92626.269779
0.0,43,92923.964813
0.0,42,93273.968225
-4.0,32,93757.007231
2.0,52,94280.035284
10.0,38,94425.748153
0.0,63,95589.943502
10.0,49,97104.176989
6.0,48,97581.092409
-6.0,36,97785.656759
-6.0,45,98109.21698
6.0,38,98619.678385
-2.0,37,98790.783159
2.0,41,99165.655941
-6.0,41,99799.492967
-2.0,29,100351.601214
-10.0,36,100740.343055
-4.0,57,101792.596885
-6.0,40,101909.943565
6.0,58,102251.284511
6.0,54,103337.045702
2.0,42,103688.505701
2.0,62,104660.981519
-4.0,38,105527.302819
-4.0,29,106139.06692
0.0,41,106658.1686
-6.0,42,106704.65004
-2.0,38,107232.125213
202.0,19,107281.112992
8.0,47,107604.523407
74.0,10,107638.403197
-4.0,44,108250.982023
4.0,49,109172.477704
10.0,37,109919.736574
14.0,45,110894.495703
3.0,38,111476.090082
2.0,37,111752.272388
-10.0,33,112181.064765
2.0,37,112708.314791
-4.0,49,113028.715818
4.0,47,113374.693795
0.0,43,114050.500797
4.0,55,114479.691425
6.0,44,114963.561064
2.0,44,115322.124065
8.0,45,116125.98747
-5.0,37,116915.611666
14.0,53,117973.796535
-4.0,38,118934.206565
-8.0,31,120710.555763
-8.0,43,121071.364308
12.0,44,121224.917397
0.0,37,121717.339553
0.0,43,122300.239677
-1.0,43,122447.950275
-4.0,57,123222.355241
-6.0,41,123571.102052
14.0,36,123648.114885
0.0,35,123935.672522
-6.0,52,125003.711112
119.0,32,125384.704951
4.0,48,125765.553271
-4.0,38,126158.090909
-2.0,40,126245.583309
4.0,35,126874.090394
0.0,53,127410.715754
-6.0,39,127649.668444
0.0,54,128407.501765
-2.0,52,130685.632524
2.0,46,130990.962208
2.0,36,131455.869145
4.0,49,131974.886736
225.0,42,133574.855976
-3.0,47,133796.931112
8.0,46,134208.113866
4.0,48,134910.349694
2.0,40,135673.228585
2.0,55,136774.912398
160.0,24,137728.17096
8.0,55,139128.224695
-6.0,33,139240.362818
10.0,33,139311.183077
0.0,32,139792.494873
-6.0,47,140484.224563
-6.0,32,140888.37163
-2.0,34,141293.953513
3.0,39,141930.241275
2.0,56,143253.391926
-4.0,59,143772.757555
6.0,38,144177.072368
8.0,43,145189.020236
4.0,40,145947.793384
0.0,37,147082.52326
0.0,65,148378.303934
8.0,41,148714.563049
7.0,51,149741.823341
0.0,46,150995.584881
8.0,43,151505.009241
0.0,44,151727.230817
10.0,44,152264.284747
42.0,8,152276.69999
6.0,52,152680.889961
-4.0,31,152963.928542
2.0,46,153908.028738
10.0,47,154380.33104
16.0,45,154597.231363
8.0,40,155351.38976
10.0,42,156040.007782
-2.0,47,156293.765784
4.0,28,156330.434341
-2.0,50,156587.644367
8.0,60,157206.310215
2.0,47,158083.843576
4.0,57,159121.479927
6.0,36,159768.085201
-2.0,52,160557.218208
14.0,46,161114.813139
8.0,37,161460.629485
8.0,31,161739.08169
10.0,40,161892.534096
0.0,56,162774.663224
0.0,50,162964.9742
136.0,14,163294.793701
4.0,41,164251.038327
4.0,36,164956.614861
-4.0,45,165526.706538
8.0,43,165718.664135
9.0,53,166416.518808
22.0,45,167301.439094
-1.0,41,167606.311721
-14.0,45,167888.140439
10.0,50,168169.784097
0.0,53,169122.123446
4.0,42,169256.329192
18.0,43,169310.591181
12.0,40,169535.330958
2.0,43,170188.68766
-6.0,46,170752.556961
6.0,49,171339.920631
8.0,37,171344.567725
2.0,42,171487.179132
94.0,11,171529.131971
8.0,59,172350.705957
0.0,38,172994.388712
0.0,40,173618.473452
2.0,48,174833.490524
12.0,41,175049.826277
-1.0,37,175922.301157
4.0,44,176428.429071
4.0,49,176855.804588
12.0,59,177301.649448
-4.0,50,177682.887486
10.0,45,177829.491463
4.0,32,178005.210415
6.0,44,178544.548482
4.0,30,179227.073687
-4.0,40,179720.626571
-6.0,53,180017.568986
-5.0,45,180390.282573
-2.0,48,180854.423879
2.0,54,182046.499029
4.0,46,182346.716755
10.0,51,182482.514406
4.0,41,183099.055792
8.0,66,183377.477614
0.0,33,183381.677887
13.0,50,183673.095959
4.0,40,184225.322693
0.0,29,184358.123822
-6.0,47,185131.742644
4.0,34,185622.50315
-1.0,61,187555.560138
0.0,45,188011.605156
-2.0,50,188294.864092
4.0,49,188472.334125
12.0,57,189094.587705
-2.0,47,189613.781678
14.0,58,189873.478477
12.0,67,190885.078588
-2.0,31,191561.691023
14.0,50,192689.897569
12.0,49,193720.548459
4.0,49,194993.952345
16.0,38,195744.640303
10.0,49,196607.736217
4.0,37,197591.594352
4.0,35,197946.732649
-6.0,41,198642.197089
4.0,47,199604.254953
-4.0,42,200644.210583
16.0,57,201577.54967
8.0,43,202551.617784
4.0,48,203370.976922
4.0,33,203554.096476
-2.0,54,203963.406597
2.0,41,204671.488839
0.0,46,205186.762925
8.0,34,205525.697462
8.0,53,206303.471931
14.0,54,206700.417064
4.0,63,207222.939537
0.0,57,208063.648638
4.0,64,208745.542346
14.0,40,208822.908596
2.0,46,209700.552017
18.0,52,210168.988802
12.0,45,210507.354755
3.0,54,211756.085597
12.0,43,212421.506367
0.0,48,213000.289495
174.0,42,214428.484562
-6.0,52,215457.950883
20.0,62,215949.266201
0.0,42,216418.707637
4.0,43,216744.934373
14.0,55,216968.720666
14.0,60,217207.901649
4.0,38,217876.767293
8.0,36,218149.709541
-2.0,48,218549.229639
0.0,30,218766.807295
10.0,62,219277.416603
4.0,39,219884.971589
22.0,51,220456.645199
8.0,57,221451.863846
8.0,43,222623.373867
0.0,39,223290.283063
-2.0,42,223611.600191
4.0,49,224479.083776
8.0,49,225254.701009
2.0,37,225629.598218
16.0,41,225871.358219
4.0,42,226034.849823
10.0,56,227022.450022
12.0,37,227359.221392
16.0,40,228093.946555
0.0,50,228571.114611
4.0,37,229087.080295
4.0,40,229272.283197
-4.0,60,229623.893763
11.0,57,229939.489427
20.0,40,230563.950715
0.0,54,231129.635828
8.0,55,231240.396519
4.0,45,231589.397309
11.0,55,231916.155943
20.0,47,232535.802711
2.0,47,232964.535302
12.0,62,234458.416289
-1.0,45,234679.671779
16.0,43,235309.05266
0.0,48,236196.544247
10.0,50,236303.650009
8.0,46,236855.470767
8.0,49,238567.177636
14.0,58,239157.062661
12.0,42,239511.595254
4.0,51,240728.572093
-4.0,42,241333.060844
14.0,46,242502.873682
-6.0,50,243035.774653
8.0,47,244072.125441
4.0,34,244154.336632
0.0,58,244478.645395
8.0,28,244537.459143
16.0,38,245063.701832
4.0,45,245742.31778
16.0,56,246791.691036
6.0,50,247277.948315
12.0,67,247654.506539
8.0,30,247899.191866
54.0,12,247918.15202
8.0,50,248229.859909
4.0,41,248795.291325
8.0,70,249627.880489
30.0,45,249797.262175
8.0,60,251057.914692
8.0,44,251913.28319
14.0,63,252687.159522
12.0,38,252880.425193
6.0,44,253343.437994
12.0,49,254256.944059
8.0,49,254676.871885
6.0,52,254993.270175
0.0,38,255120.48561
12.0,55,255673.481532
20.0,53,255926.800442
6.0,41,256217.24334
2.0,55,258014.567966
0.0,51,258348.842232
10.0,35,258656.906222
12.0,58,259013.719908
10.0,52,259407.550689
4.0,48,259617.925527
12.0,47,260079.40198
20.0,63,260398.330805
0.0,69,260845.722999
4.0,48,261160.356138
4.0,37,261322.078144
12.0,50,261715.940681
6.0,59,262309.745047
8.0,79,262792.188939
12.0,40,263220.285711
4.0,40,263495.489837
4.0,49,264281.205388
18.0,67,264621.761662
-6.0,60,265042.378228
20.0,49,266312.723384
2.0,59,267155.279963
4.0,38,268795.72974
8.0,66,269506.37669
10.0,46,270472.217865
4.0,45,270928.452677
12.0,58,271578.089309
8.0,55,272862.209545
6.0,56,273635.604942
8.0,40,274096.857426
20.0,66,274924.387586
8.0,35,275160.395392
-2.0,62,275605.711473
78.0,29,275863.688383
8.0,60,276380.570774
50.0,45,277040.297045
4.0,38,278020.340611
8.0,51,278759.498149
-6.0,56,279148.787881
0.0,71,280803.731321
20.0,88,281617.718284
32.0,61,282191.773242
-1.0,61,282557.960526
4.0,37,282801.420618
9.0,62,283775.690072
0.0,62,284379.263133
16.0,47,284921.334935
6.0,46,285192.798961
4.0,64,286168.851557
20.0,54,286457.701296
24.0,41,286875.089063
12.0,44,287126.186193
14.0,43,287712.959186
12.0,46,288041.510705
20.0,67,289255.544203
14.0,40,289483.206509
24.0,50,289690.988364
0.0,60,290343.929422
16.0,59,291378.216952
14.0,53,291837.665864
14.0,55,292308.968212
14.0,59,292569.734756
4.0,53,292940.803011
-6.0,64,293788.377727
28.0,69,294503.424466
14.0,42,294706.247855
26.0,67,295251.772364
22.0,53,295907.786333
4.0,41,296124.353349
-4.0,64,296482.632974
14.0,50,296756.241411
6.0,96,297621.410364
55.0,50,297893.356142
20.0,69,298460.646085
24.0,52,298689.667043
28.0,49,300004.657449
20.0,48,300489.651224
12.0,56,301183.997436
2.0,45,301775.537194
24.0,68,302356.220425
0.0,47,302530.009705
20.0,57,303520.026231
16.0,53,304396.32216
12.0,59,304937.114405
20.0,49,305337.888797
88.0,48,305576.922719
6.0,41,306375.751984
8.0,50,306619.048525
0.0,54,307455.929049
-2.0,51,308362.533052
8.0,53,309021.727942
8.0,48,309327.536556
22.0,67,309899.525205
8.0,42,310257.77459
6.0,56,311328.002566
20.0,56,311766.392881
8.0,52,312014.056714
0.0,69,312538.284624
8.0,39,312707.822156
10.0,43,313022.963411
6.0,54,313774.566139
16.0,72,314483.904891
12.0,46,314691.057796
14.0,69,315643.310621
8.0,39,315944.939742
6.0,55,316807.13212
18.0,70,317489.910538
12.0,64,317652.572991
-2.0,56,317948.348537
10.0,67,318693.193423
20.0,57,319140.003248
16.0,71,320261.783013
30.0,46,320615.363672
14.0,48,321448.260373
0.0,70,321679.648151
16.0,60,322223.735693
8.0,39,322674.409803
6.0,84,323487.791421
14.0,54,324351.462366
12.0,47,324829.956773
73.0,47,325300.75528
4.0,62,325898.664337
6.0,62,326438.155616
22.0,55,327009.954228
16.0,49,327352.736437
12.0,45,327773.688303
12.0,63,328149.625459
20.0,75,328531.16128
44.0,74,329636.768009
16.0,65,330430.21325
22.0,47,330686.952168
12.0,59,331372.989238
16.0,45,331762.241075
16.0,61,332162.415811
16.0,66,332696.825508
14.0,52,333633.903316
4.0,66,334506.892242
2.0,48,334703.910665
2.0,46,335055.052335
26.0,76,336331.999176
2.0,62,337180.163579
20.0,55,337580.70943
6.0,76,338057.113917
28.0,63,338668.956245
30.0,71,339898.509393
6.0,89,340554.93563
18.0,87,341406.776991
24.0,68,341841.165849
24.0,73,342592.724824
12.0,43,342749.589226
18.0,86,343328.101739
19.0,73,343650.995268
22.0,66,343761.354566
12.0,53,344268.578033
20.0,54,344571.456148
50.0,30,344809.430368
24.0,53,345346.705946
8.0,52,345921.895026
14.0,66,346176.339831
12.0,72,346432.934183
16.0,50,346557.674733
47.0,3,346600.403924
11.0,47,347225.129381
36.0,63,347923.103674
10.0,44,348210.911394
8.0,57,348354.579877
16.0,49,348528.814939
18.0,64,348903.890422
20.0,56,349359.393133
16.0,64,349811.485507
8.0,49,350123.334067
20.0,61,350960.792819
2.0,67,351527.039392
3.0,71,352430.339304
32.0,67,353100.445388
20.0,59,353626.87582
42.0,74,354340.657722
16.0,72,354471.571746
18.0,46,354975.766627
12.0,50,355818.120079
12.0,54,356047.985251
13.0,72,356715.971886
18.0,94,357713.626021
30.0,60,358428.553575
16.0,51,358729.620967
11.0,69,359119.21349
97.0,2,359158.972017
38.0,60,359269.215275
24.0,57,360186.925897
22.0,52,360671.426814
20.0,54,361066.244655
29.0,67,361772.72272
14.0,71,362373.630096
12.0,51,362870.751219
4.0,58,363292.526971
-6.0,47,363894.924753
22.0,69,364555.681183
12.0,50,364880.530604
16.0,79,365767.669317
16.0,108,366822.770165
6.0,50,366973.540699
12.0,53,367268.239171
12.0,69,367773.880699
12.0,79,368426.674222
6.0,46,368890.444663
24.0,68,369049.007407
20.0,56,369319.981722
34.0,63,369789.549519
6.0,55,370047.873777
28.0,63,370284.657258
14.0,68,370379.855463
61.0,44,370719.707062
21.0,90,371389.040278
36.0,61,371903.387374
6.0,69,372101.95857
16.0,53,372595.519815
6.0,68,373086.907159
16.0,63,373366.328014
16.0,71,373525.946417
126.0,20,373661.391169
24.0,80,374070.082139
24.0,71,374360.630419
20.0,54,374557.960139
24.0,74,374957.414514
16.0,51,375333.272765
15.0,94,376032.442257
16.0,77,376666.699394
6.0,76,376951.053587
30.0,74,377242.352911
14.0,62,377699.290706
141.0,36,378165.357593
12.0,77,378898.20356
14.0,73,379158.157764
12.0,46,379447.584723
24.0,44,379540.340342
32.0,66,380894.683108
-2.0,89,381181.145261
17.0,71,381764.338767
21.0,63,382311.137142
24.0,77,383143.049524
38.0,92,383727.171997
62.0,24,383942.915239
18.0,76,384786.113049
10.0,81,385103.450505
24.0,112,385510.744768
-298.0,64,385782.846875
18.0,80,386193.733604
32.0,68,386542.080609
14.0,73,387062.080939
32.0,71,387529.039386
6.0,91,388092.950121
18.0,79,388775.366442
16.0,63,389059.992838
8.0,58,389463.045759
14.0,59,389810.509372
14.0,60,390352.838459
168.0,13,390404.228982
22.0,95,391279.084228
16.0,62,391859.625695
28.0,54,391966.47484
24.0,76,392510.825284
24.0,107,392877.839551
14.0,74,393374.004353
20.0,54,393863.611568
16.0,50,394271.964501
10.0,33,394750.066948
6.0,53,395110.064902
24.0,42,395463.77232
16.0,71,396013.390858
16.0,76,396897.695696
14.0,69,397055.940489
14.0,45,397444.293502
12.0,69,397868.205968
12.0,110,398567.018282
34.0,96,398788.305748
16.0,48,398838.218407
32.0,87,399032.137
10.0,83,399487.522123
14.0,67,399986.816538
12.0,72,400464.425884
6.0,60,400761.007097
55.0,48,401148.357987
12.0,59,401700.385906
12.0,77,402247.229611
14.0,76,402899.322455
20.0,87,403090.18447
26.0,72,403497.95665
18.0,82,403855.218154
27.0,72,404268.086618
12.0,69,404339.967741
28.0,59,404796.857027
16.0,44,405040.813547
53.0,17,405149.801566
52.0,51,405767.456976
14.0,95,406159.680651
12.0,58,406615.130051
32.0,62,406765.102311
10.0,54,407305.011169
32.0,78,407696.473573
12.0,55,408060.302946
18.0,79,408814.653069
34.0,83,409357.938281
6.0,135,409889.891894
16.0,74,410294.379692
26.0,82,410565.657928
20.0,97,410975.686829
10.0,71,411281.642978
22.0,123,412239.634624
20.0,95,412948.676576
16.0,93,413108.893722
10.0,75,413556.211321
10.0,64,413881.68105
16.0,69,414164.408317
8.0,76,414511.682515
18.0,98,414984.960368
20.0,61,415196.190068
0.0,101,415809.507134
16.0,85,416361.774489
24.0,106,416865.636165
2.0,109,417852.797116
20.0,60,417918.750028
16.0,83,418427.323064
28.0,95,419016.838957
14.0,70,419383.543644
26.0,84,420001.421538
32.0,116,420373.27469
113.0,17,420469.133007
14.0,95,420739.035537
24.0,60,421003.295816
18.0,109,421474.930366
24.0,40,421576.408176
20.0,95,421813.671893
34.0,80,422203.361974
6.0,78,422445.791735
26.0,88,422895.863391
14.0,112,423124.517893
20.0,108,423559.229507
38.0,87,424247.313468
12.0,94,424670.695301
40.0,69,424988.056063
18.0,81,425347.193712
42.0,58,425538.946732
20.0,89,426070.985021
16.0,87,426460.391528
20.0,61,426993.107406
30.0,107,427542.530786
26.0,56,427767.657357
20.0,89,428214.263651
16.0,59,428685.542447
6.0,70,429837.650981
8.0,52,429891.619331
32.0,100,430274.182162
24.0,83,430726.833243
14.0,79,431310.569497
18.0,60,431669.916758
163.0,47,431813.04701
20.0,109,432074.054209
20.0,66,432247.516993
63.0,13,432343.491564
36.0,71,432503.704701
24.0,60,432904.911069
18.0,101,433490.763198
18.0,111,434054.207672
4.0,148,434436.393799
16.0,83,434714.267362
16.0,79,434957.490016
36.0,103,435804.17049
22.0,59,435873.401114
22.0,123,436490.912856
21.0,98,436683.868568
24.0,114,437176.489996
10.0,60,437533.988419
20.0,85,437900.312543
18.0,87,438354.986532
18.0,81,439115.738544
26.0,66,439213.476619
12.0,78,439651.85723
54.0,134,440272.188807
4.0,55,440629.119327
22.0,136,441041.20325
34.0,75,441760.560959
23.0,59,442159.532115
18.0,113,442468.069231
14.0,91,442690.626942
14.0,59,442822.261361
24.0,90,443166.957582
18.0,75,443509.381788
12.0,75,443817.136612
32.0,73,444282.327465
36.0,60,444583.520553
20.0,86,444874.951543
26.0,70,445260.25049
24.0,70,445457.744103
89.0,47,445839.564421
26.0,90,446415.153572
30.0,79,446880.739891
16.0,76,447158.598552
30.0,101,448078.033221
32.0,121,448761.139759
22.0,114,448994.459666
32.0,87,449042.648783
16.0,111,449848.419249
12.0,158,450597.60507
135.0,13,450635.567372
24.0,114,451379.829888
12.0,135,451810.923437
24.0,135,452144.171721
28.0,100,452984.817821
16.0,83,453146.006438
18.0,92,453351.949296
34.0,88,453564.66963
18.0,61,453691.994082
32.0,59,453760.0259
6.0,133,454387.472728
24.0,74,454601.771585
36.0,88,455089.131263
18.0,76,455582.141292
14.0,101,455929.784562
24.0,82,456585.47011
22.0,72,456853.728599
20.0,91,457290.923229
26.0,90,458046.901102
32.0,88,458591.933736
90.0,14,458773.780726
12.0,82,459305.433601
33.0,61,459346.752476
28.0,107,459768.583107
6.0,144,460578.816569
24.0,82,460936.702407
28.0,124,461427.766231
16.0,88,461972.043679
26.0,105,462330.049892
16.0,175,463146.2625
28.0,114,463574.49175
12.0,62,463764.05569
26.0,100,463979.843723
12.0,83,464073.234393
10.0,111,464618.078007
6.0,107,464934.299917
28.0,79,465192.375369
2.0,73,465562.764065
36.0,76,465858.129661
0.0,97,466588.916074
12.0,70,466680.207987
22.0,70,467334.91074
28.0,79,467803.07556
32.0,74,468063.067496
36.0,99,468297.512383
36.0,73,468516.143611
24.0,121,469120.143888
20.0,106,469792.781707
-2.0,123,470294.642806
30.0,147,470886.461724
8.0,163,471755.171922
52.0,16,472002.79733
26.0,97,472493.908374
30.0,104,472705.163537
44.0,106,473206.814902
20.0,99,473739.497927
30.0,73,473827.823756
28.0,68,474055.642074
26.0,78,474279.894142
12.0,71,475037.111408
18.0,88,475334.385765
28.0,71,475967.034847
28.0,100,476634.427624
18.0,127,477265.296705
24.0,61,477718.975339
24.0,60,478072.554196
22.0,61,478278.658734
24.0,129,478988.952772
8.0,92,479553.675616
30.0,79,479760.744544
18.0,124,480418.760513
0.0,1,480466.786939
20.0,70,480778.086173
40.0,101,481297.537553
18.0,90,481609.133404
12.0,88,481830.64367
165.0,39,481902.363934
42.0,96,482334.368051
26.0,114,482616.195492
16.0,104,482995.443558
30.0,83,483144.107086
181.0,28,483229.77674
12.0,127,483645.23695
18.0,102,484071.390989
44.0,84,484583.139202
14.0,107,485225.788968
24.0,89,485734.489196
30.0,74,485909.569629
24.0,107,486115.210799
63.0,61,486372.825808
28.0,152,486874.673423
22.0,158,487098.784469
33.0,156,487603.066712
30.0,85,488069.361095
16.0,137,488509.14442
26.0,92,489317.662412
22.0,73,489620.860492
14.0,144,489918.1415
26.0,73,490083.382418
14.0,85,490196.089028
8.0,100,490685.179503
58.0,110,490835.099608
34.0,71,491086.310135
16.0,123,491729.323382
16.0,98,492478.972834
18.0,90,493039.583516
75.0,22,493086.45465
12.0,94,493248.742904
-2.0,112,493605.898729
20.0,76,493892.069126
96.0,20,493922.535807
26.0,138,494508.708934
20.0,83,494949.071881
22.0,64,495306.694503
12.0,127,496153.562842
34.0,109,496565.340821
32.0,89,497187.549088
11.0,133,498119.801882
56.0,5,498140.165806
22.0,73,498378.828349
67.0,35,498549.467806
26.0,85,498826.022569
24.0,91,499380.909946
12.0,183,499912.476829
30.0,119,500081.251099
30.0,102,500406.708149
28.0,80,500613.411918
16.0,144,501031.973561
22.0,133,501618.623173
28.0,90,501970.145848
22.0,108,502086.796637
32.0,101,502268.694536
30.0,79,502468.854169
22.0,94,502978.894253
26.0,125,503507.714606
22.0,151,503595.114197
26.0,82,503795.394209
10.0,119,504050.648416
34.0,135,504643.618813
18.0,199,505327.429541
20.0,104,505670.006347
16.0,127,506135.340742
36.0,85,506330.819412
66.0,1,506382.31433
4.0,154,506755.071667
22.0,135,507227.65502
18.0,161,507862.543818
32.0,65,507970.316842
2.0,119,508118.163389
6.0,181,508624.212846
18.0,107,509213.791787
20.0,74,509249.439658
13.0,101,509512.771327
22.0,96,510288.174955
12.0,140,511036.580975
40.0,85,511306.453593
20.0,96,511575.385265
34.0,77,511809.670995
20.0,137,512175.099662
24.0,144,512815.071026
178.0,4,512864.366316
32.0,105,513022.31748
22.0,95,513517.579549
28.0,103,513834.557487
12.0,111,514237.250294
24.0,106,514769.65742
14.0,208,515282.813502
28.0,142,516159.64762
34.0,91,516503.960049
26.0,97,516831.330616
28.0,96,517182.16584
4.0,134,517484.109071
12.0,167,518610.959592
32.0,110,519070.039727
28.0,116,519626.819251
20.0,102,519894.458071
12.0,101,520152.312145
28.0,140,520546.747754
18.0,83,520726.060905
18.0,135,521427.037545
30.0,90,521656.363112
26.0,85,521930.480189
12.0,91,522243.480682
36.0,67,522813.712957
44.0,144,523246.419735
28.0,109,523692.921775
30.0,250,524468.921846
26.0,73,524765.690615
30.0,107,525139.624435
16.0,121,525448.67067
-2.0,141,526010.449307
16.0,115,527048.007342
12.0,139,527586.21874
34.0,98,527776.976406
30.0,79,527902.282328
18.0,97,527942.952634
2.0,202,528807.049698
32.0,110,529002.265158
140.0,11,529042.957993
22.0,136,529984.367866
18.0,129,530557.977928
22.0,82,530709.667099
28.0,146,530981.444063
73.0,57,531133.03694
20.0,130,531542.868686
71.0,44,531686.472101
28.0,105,531965.050588
22.0,131,532159.612428
26.0,94,532316.360092
36.0,82,532386.65489
26.0,123,532892.616832
20.0,104,533141.961113
16.0,102,533550.634635
14.0,109,534231.225466
42.0,87,534398.974258
32.0,109,534750.164459
26.0,150,535226.200713
28.0,123,535683.33749
24.0,78,535688.238929
30.0,58,536115.862581
26.0,74,536369.639267
14.0,112,536864.599767
108.0,126,537526.410628
20.0,256,538514.31416
22.0,95,538835.092428
28.0,110,539302.271878
22.0,169,539862.302948
40.0,100,540339.386195
30.0,65,540408.698054
19.0,114,540825.161145
26.0,314,541506.991428
4.0,121,541662.752742
42.0,137,541920.811024
50.0,102,542130.773421
22.0,144,542430.410373
73.0,131,543078.228334
25.0,110,543678.336039
10.0,298,544792.172937
12.0,140,545185.142334
22.0,82,545349.896343
16.0,103,545540.340815
24.0,134,545797.013134
26.0,91,546000.736167
4.0,82,546241.808394
16.0,190,546884.167169
14.0,130,548656.641473
24.0,79,548942.494169
57.0,79,549146.633493
26.0,111,549490.878835
16.0,93,549617.555486
16.0,243,550171.012244
12.0,141,550661.252528
18.0,378,551660.926744
36.0,75,551900.668737
28.0,171,552360.261231
42.0,99,552488.67768
28.0,124,552793.778201
20.0,234,553158.478194
32.0,85,553434.318429
14.0,80,553617.517873
57.0,48,553968.562202
36.0,63,554035.383857
0.0,1,554089.88107
10.0,206,554917.090861
18.0,99,555061.332309
32.0,141,555274.713362
36.0,99,555596.769586
6.0,317,556779.933977
22.0,103,557093.550013
18.0,180,557608.355162
26.0,160,557730.278668
22.0,112,558163.726998
20.0,192,558429.320202
22.0,1037,560528.313425
36.0,96,560843.467385
8.0,87,561145.934348
28.0,109,561506.308369
26.0,180,562031.873116
14.0,60,562184.570525
38.0,119,562956.134874
30.0,95,563322.863608
28.0,108,563437.742284
10.0,392,564954.815496
22.0,214,565493.913327
34.0,87,565645.484907
50.0,96,565806.627685
30.0,73,566007.038901
34.0,89,566375.91086
53.0,50,566512.772226
30.0,102,566757.799638
28.0,128,567135.146154
35.0,119,567467.679248
24.0,152,567673.636549
14.0,126,568058.222576
28.0,67,568169.270284
26.0,138,568383.4667
32.0,139,569386.213551
20.0,173,570247.330078
32.0,192,570573.126705
24.0,85,570852.401889
22.0,307,571609.921028
22.0,217,571827.835327
10.0,79,571897.99892
22.0,90,572185.276172
9.0,310,572904.760992
12.0,390,573521.13206
68.0,63,573675.582118
26.0,116,574438.086619
38.0,182,574993.089303
26.0,94,575183.387661
109.0,78,575471.129881
0.0,50,575543.470633
32.0,92,576008.971983
14.0,210,576350.43446
20.0,93,576615.17276
16.0,87,576856.536467
18.0,92,577330.889165
16.0,340,578651.861578
44.0,134,578881.801262
91.0,15,578928.477498
48.0,122,578995.964347
42.0,140,579328.412472
10.0,546,581357.535107
14.0,360,582012.468263
24.0,222,582470.488583
20.0,82,582528.492114
52.0,80,582711.675228
26.0,235,583208.082283
69.0,67,583277.130461
30.0,174,583970.182723
30.0,95,584448.426811
50.0,81,584725.118229
28.0,126,585208.363614
28.0,91,585561.88585
18.0,104,585679.256631
38.0,212,586293.296267
18.0,213,586638.042531
8.0,94,587106.953484
20.0,111,587318.41694
34.0,367,589182.930565
24.0,133,589500.700906
14.0,278,590303.703742
20.0,260,591209.865547
32.0,142,591470.260954
40.0,97,591483.381293
76.0,64,591560.432965
22.0,163,592009.45293
18.0,150,592296.252426
32.0,150,592652.07183
30.0,203,592991.719092
26.0,73,593070.933459
0.0,156,593556.009589
32.0,195,594185.725031
30.0,109,594437.249504
54.0,51,594847.745877
20.0,115,595139.299133
32.0,98,595344.1077
34.0,92,595873.927224
10.0,488,597154.562703
8.0,192,597292.107718
24.0,167,597619.794238
22.0,160,597840.183015
14.0,151,598050.948319
140.0,61,598125.819905
24.0,89,598253.095856
18.0,109,598365.151639
34.0,95,598590.731417
24.0,657,600543.573009
9.0,245,601359.007508
22.0,101,601579.154595
32.0,138,602473.371624
20.0,213,602760.680917
-10.0,581,604819.198065
75.0,57,604872.868247
22.0,573,606620.403087
38.0,216,607287.851722
18.0,177,607633.577039
42.0,190,607815.760687
0.0,1,607853.638808
20.0,169,608165.896382
46.0,126,608362.687366
30.0,111,608605.77467
32.0,121,608914.366044
30.0,184,609247.918306
162.0,19,609335.008752
17.0,76,609605.927361
14.0,179,609954.822057
6.0,340,610872.602583
44.0,128,611285.592888
28.0,117,611466.803521
20.0,211,612445.665611
24.0,307,613165.303128
20.0,388,614515.438902
26.0,340,615597.521874
34.0,182,616049.846028
46.0,190,616502.325436
34.0,276,617132.244699
36.0,104,617475.579637
24.0,285,618458.90016
26.0,196,618969.186973
26.0,190,619578.440167
43.0,99,619704.043752
22.0,302,620143.445998
20.0,282,621204.435123
32.0,271,622045.355949
12.0,101,622124.682069
50.0,77,622331.260765
22.0,221,623042.091843
42.0,211,623457.660459
20.0,208,624323.536737
26.0,102,624693.621141
68.0,79,624998.623577
22.0,252,625580.65137
18.0,487,626765.529537
18.0,206,627108.990242
18.0,345,627963.818731
26.0,202,628568.037982
26.0,85,628984.265947
16.0,168,629738.155744
30.0,124,630004.121944
66.0,84,630153.606858
79.0,58,630249.230753
42.0,107,630371.389019
24.0,135,630447.774602
58.0,485,631922.222066
44.0,104,632050.053563
9.0,479,633433.832913
38.0,417,634242.045806
26.0,177,634942.210264
69.0,65,635080.676146
26.0,239,635295.361803
10.0,459,637065.635037
26.0,101,637365.193703
4.0,322,638302.055227
34.0,89,638396.04559
28.0,81,638977.379067
22.0,423,639653.849758
20.0,288,640585.153743
36.0,222,640895.008583
16.0,130,641285.537361
18.0,166,641490.0695
14.0,130,641631.32217
32.0,385,642278.957462
20.0,124,642488.201465
36.0,131,642833.505266
18.0,110,643077.702586
14.0,193,643755.842844
32.0,149,644005.150775
36.0,115,644139.152863
30.0,104,644589.635755
10.0,385,645518.306268
32.0,122,645815.281227
12.0,180,646234.735301
8.0,297,646886.530766
24.0,274,647511.266301
34.0,357,648814.669009
44.0,13,648835.351292
8.0,514,650310.697094
32.0,183,650689.648444
26.0,196,650985.102177
65.0,120,651201.917509
20.0,124,651532.638798
32.0,129,651710.029032
10.0,83,651829.377119
40.0,101,651937.12401
24.0,326,652984.464878
6.0,147,653290.839833
30.0,156,653864.279656
6.0,176,654289.804267
16.0,500,655319.874355
38.0,105,655465.358612
57.0,37,655631.276651
24.0,236,656278.240124
151.0,48,656378.724979
22.0,86,656540.240784
26.0,128,656826.807041
22.0,193,657549.186702
10.0,147,657767.801679
22.0,312,658424.196602
34.0,84,658951.414927
60.0,48,659167.167858
12.0,478,659906.660562
24.0,995,662050.368495
24.0,191,662308.349066
18.0,624,663924.423361
30.0,95,664050.675347
118.0,37,664120.189468
30.0,126,664386.392177
36.0,123,664525.159783
10.0,140,664667.243381
126.0,27,664697.452532
13.0,231,665350.988632
2.0,534,666746.469358
8.0,280,667122.271546
12.0,234,667770.993904
30.0,93,667875.918294
20.0,252,668320.344919
26.0,230,668973.104846
38.0,102,669142.327782
12.0,760,670231.458745
30.0,411,671330.343997
20.0,91,671459.870067
24.0,108,671812.557207
30.0,220,672188.6247
32.0,206,673180.666032
28.0,194,673744.450757
20.0,126,673988.85216
42.0,134,674198.684594
20.0,135,674525.935488
30.0,232,675136.695762
24.0,325,675688.388949
2.0,573,677119.654669
22.0,256,677441.934888
45.0,83,677604.248834
20.0,629,678530.514705
36.0,17,678547.912443
36.0,132,679244.794804
28.0,90,679511.110436
22.0,226,679999.530629
20.0,390,680910.014778
18.0,249,681599.052953
64.0,44,681631.408096
30.0,122,681850.717777
32.0,314,682589.866812
24.0,351,683283.341659
91.0,90,683463.743138
18.0,118,683835.449232
24.0,225,684572.03286
24.0,298,684965.862077
32.0,114,685369.56198
12.0,108,685528.024216
86.0,55,685854.209913
20.0,222,686090.456597
8.0,157,686391.941436
31.0,573,687524.077864
52.0,50,687567.889061
-4.0,248,688213.062187
17.0,1732,692500.199797
24.0,389,693080.309711
34.0,231,693342.013887
56.0,94,693680.623308
44.0,128,693896.57991
28.0,102,694387.874304
12.0,1150,696967.317575
26.0,136,697190.607608
24.0,150,697524.552561
36.0,258,697757.58456
159.0,83,697966.443489
36.0,180,698184.329528
58.0,190,698400.324942
41.0,166,698777.43956
26.0,126,698958.006597
20.0,288,699791.443929
22.0,82,700020.796828
28.0,429,700909.59602
20.0,527,701647.721305
34.0,569,702547.179115
20.0,238,702768.177648
30.0,464,703435.793555
12.0,590,704697.134861
4.0,795,706010.830517
53.0,46,706201.303949
40.0,97,706433.632039
40.0,153,706710.12129
28.0,129,706907.770718
22.0,421,707553.42406
20.0,388,708199.581478
14.0,210,708316.963394
16.0,421,708719.016966
77.0,104,709138.316941
10.0,708,710574.238053
38.0,154,710728.270357
38.0,337,711101.750286
33.0,1434,712959.707017
30.0,252,713146.585201
18.0,385,713633.739835
11.0,176,714034.783185
51.0,272,714341.640887
20.0,241,715056.482008
18.0,302,716098.748813
22.0,648,718149.127878
30.0,980,720257.125149
20.0,375,720788.187038
133.0,13,720837.255705
28.0,159,721135.005974
34.0,105,721273.902478
30.0,303,721713.227432
48.0,178,721950.543763
40.0,107,722043.753092
40.0,93,722074.445359
130.0,6,722118.436018
38.0,208,722588.480017
32.0,113,722801.863094
14.0,62,722830.429142
18.0,111,723065.66948
37.0,369,723695.007493
47.0,405,724286.996353
22.0,254,724645.955517
10.0,739,725918.196844
62.0,98,726231.803868
12.0,367,726754.021295
30.0,385,727812.894506
24.0,230,728284.058622
14.0,647,728969.687487
22.0,166,729728.900692
4.0,603,730628.737694
22.0,967,732273.230855
26.0,234,732742.653195
32.0,327,733412.387278
20.0,239,733761.587917
68.0,243,734081.59395
34.0,113,734212.893519
22.0,1036,736039.846041
14.0,1223,738337.134644
30.0,156,738686.562494
22.0,164,738865.53741
100.0,19,738924.614093
22.0,200,739127.333237
12.0,188,739333.789265
38.0,191,739530.368809
24.0,272,740040.724475
32.0,292,740597.109275
40.0,117,740687.216921
26.0,323,741166.020506
16.0,353,741897.58562
57.0,204,742031.691439
18.0,552,743594.613438
28.0,425,744370.357875
24.0,347,744979.068822
20.0,574,746346.444588
28.0,561,746885.13928
26.0,452,747780.018051
24.0,136,747890.451125
44.0,103,748179.032157
6.0,417,748794.7133
147.0,35,748828.695694
26.0,199,749260.420681
6.0,292,749816.321679
16.0,703,751643.765317
20.0,308,752438.527697
18.0,176,752921.865593
18.0,556,753800.964769
18.0,412,754347.755089
77.0,43,754420.212711
8.0,58,754441.278155
63.0,135,754628.813804
10.0,457,755279.369038
22.0,183,756105.97368
55.0,145,756517.02504
26.0,441,757022.752898
28.0,249,757800.98322
32.0,189,758233.973974
30.0,317,759318.186245
10.0,134,759484.684579
28.0,251,759846.443257
14.0,341,760264.15764
32.0,81,760284.609482
36.0,72,760613.924845
51.0,363,761399.528765
20.0,274,762003.650103
10.0,199,762321.695798
14.0,837,764205.982732
24.0,193,764591.780604
61.0,20,764613.134515
12.0,408,765011.974166
127.0,13,765046.695246
34.0,135,765488.006052
24.0,183,766760.065361
59.0,172,766999.101407
14.0,321,767827.042918
48.0,206,768083.994226
42.0,143,768315.990341
67.0,147,768485.200198
16.0,266,768827.297068
40.0,369,769815.635989
30.0,105,770059.842218
6.0,324,772146.494311
85.0,165,772429.247331
53.0,232,773048.617754
48.0,158,773445.640491
30.0,307,773778.387348
56.0,71,773986.791344
16.0,672,775075.913736
57.0,83,775358.545689
30.0,112,775641.547647
6.0,128,776023.261061
60.0,465,777013.848674
57.0,146,777281.232787
20.0,1043,779134.887666
22.0,787,780780.472639
18.0,116,781095.652653
22.0,272,781365.374901
36.0,404,782553.242789
16.0,280,782978.353859
61.0,128,783306.27795
34.0,611,784257.605152
18.0,631,785611.89148
6.0,405,786165.263967
66.0,252,786585.815403
38.0,677,787737.960964
68.0,84,787961.265655
48.0,199,788252.689836
29.0,443,788820.711509
32.0,607,789978.006606
28.0,232,790539.986157
28.0,351,790752.606732
60.0,52,790979.446404
28.0,686,792049.9703
14.0,341,792536.640859
26.0,285,792843.863142
2.0,272,793170.740855
48.0,342,793638.214129
20.0,70,793696.924035
24.0,427,794510.51244
20.0,267,795086.0497
28.0,84,795187.260611
28.0,617,796574.547463
4.0,136,796943.817003
28.0,746,798887.176945
26.0,603,799879.915369
22.0,486,800823.910419
6.0,239,801116.645434
22.0,354,801663.137713
14.0,261,802399.518749
38.0,453,803545.327594
63.0,122,803788.430147
30.0,261,804674.851236
32.0,114,804801.446098
79.0,116,805037.631478
10.0,521,805520.716777
14.0,884,807577.874657
40.0,333,808423.645554
30.0,149,808595.531233
38.0,97,808766.418362
28.0,196,808926.455757
24.0,514,810165.131659
26.0,615,812039.403414
18.0,68,812070.232148
20.0,227,812394.341625
12.0,337,813341.825468
38.0,171,813562.671019
26.0,236,814072.729506
26.0,302,815391.084806
16.0,84,815671.47788
40.0,213,816394.759971
2.0,695,817775.483901
10.0,229,818192.724848
26.0,265,818529.9222
0.0,205,818912.82673
8.0,73,819071.22495
27.0,256,819827.039294
36.0,179,820213.159484
34.0,140,820540.152663
30.0,347,821408.46348
48.0,109,821612.092363
22.0,284,822112.953001
20.0,194,822351.205805
16.0,386,823129.813324
20.0,243,823677.734331
40.0,148,823935.046538
40.0,306,824350.3642
16.0,329,825234.920355
18.0,401,825759.252312
24.0,156,826087.583905
30.0,209,826692.371935
36.0,160,827262.565719
10.0,249,827931.122483
22.0,1094,830064.851585
28.0,285,830591.265541
20.0,549,831593.518059
22.0,358,832167.594277
58.0,95,832382.878309
38.0,128,832635.585792
34.0,213,833145.682282
16.0,687,834279.487691
26.0,144,834460.392776
56.0,64,834517.417976
66.0,222,835179.973928
18.0,1230,838231.756164
27.0,120,838603.150497
22.0,402,839188.467495
47.0,384,839713.941222
26.0,118,840179.677243
22.0,257,840612.111367
24.0,259,841035.524541
18.0,149,841520.898011
69.0,67,841842.784974
51.0,57,841892.681945
2.0,951,843890.504752
26.0,384,844349.243755
34.0,195,844581.612935
11.0,955,846104.031053
221.0,73,846293.577943
22.0,108,846403.90995
8.0,287,846881.885867
80.0,29,846941.818702
6.0,305,847341.71986
50.0,329,847827.201247
26.0,94,847967.242488
4.0,65,848095.16342
54.0,433,849290.798268
27.0,697,850158.944797
30.0,580,850954.518422
44.0,21,851050.084109
142.0,86,851122.353713
43.0,787,853001.78278
51.0,154,853447.010206
22.0,498,854234.767635
14.0,490,855165.232052
18.0,362,855675.972509
22.0,461,856692.537718
38.0,125,856895.550173
40.0,404,857609.634834
20.0,266,857901.14975
46.0,60,858057.63801
44.0,96,858246.427903
23.0,565,859431.293731
8.0,334,859935.696073
20.0,103,860228.254306
18.0,530,861110.461263
14.0,174,861379.662299
10.0,989,863343.209004
45.0,76,863526.267112
39.0,901,864744.775822
71.0,24,864797.269919
29.0,746,866001.877086
125.0,33,866088.968562
38.0,927,868953.138643
22.0,90,869311.685582
20.0,113,869775.478492
2.0,657,871537.643914
10.0,764,873210.024974
53.0,93,873368.785831
24.0,513,873951.491402
44.0,399,874535.263962
20.0,373,875165.048857
12.0,444,875574.350377
84.0,327,876544.387544
71.0,198,876836.186405
10.0,1352,878842.955395
6.0,1171,880943.788313
32.0,324,881363.515203
22.0,356,881755.31981
10.0,825,883458.406533
30.0,245,884005.507778
18.0,313,884684.150204
34.0,162,884889.128764
66.0,207,885321.545222
28.0,428,886024.709009
119.0,80,886127.568542
52.0,30,886289.87353
78.0,43,886515.885457
113.0,63,886663.623767
20.0,153,887103.607218
22.0,195,887490.217287
56.0,240,887814.142532
59.0,213,888216.870561
36.0,165,888368.484849
51.0,261,888882.099825
44.0,239,888975.526535
24.0,242,889311.052009
18.0,281,890318.287081
161.0,32,890391.971063
26.0,451,891551.464695
18.0,590,892355.074723
34.0,717,893625.242391
26.0,230,894353.446156
22.0,603,895738.710365
32.0,165,895821.593364
28.0,844,897220.503236
32.0,343,898252.095619
90.0,120,898810.337084
20.0,190,899421.469833
40.0,101,899813.47343
58.0,238,900596.310388
32.0,174,900771.769496
14.0,215,901284.904908
22.0,432,902403.081524
10.0,762,904327.081512
8.0,60,904422.937279
21.0,235,905303.174158
145.0,45,905502.079911
82.0,103,906047.195061
56.0,497,907595.573503
22.0,2000,911537.810774
31.0,366,912406.348179
16.0,349,913174.995125
32.0,256,913523.060819
20.0,246,914053.25848
59.0,170,914670.629837
56.0,36,914721.48561
195.0,73,914893.298472
26.0,665,916070.868651
28.0,374,916984.031978
44.0,159,917200.120936
28.0,249,917804.775701
12.0,653,919034.947025
18.0,289,919615.378227
0.0,687,920460.021775
22.0,202,920929.015483
36.0,109,921039.089159
22.0,983,922514.386953
46.0,165,922801.810935
58.0,285,923293.443229
22.0,530,923964.249521
22.0,587,925230.956935
4.0,31,925299.619349
54.0,126,925688.868328
30.0,675,927093.569513
37.0,799,929539.632082
20.0,118,929889.903057
20.0,347,930600.581867
46.0,393,931774.281192
16.0,1004,933845.686765
22.0,157,934094.112209
28.0,220,934476.266508
54.0,61,934590.676873
32.0,1693,938077.656304
28.0,625,939549.458477
14.0,547,940259.303193
34.0,232,940638.626236
32.0,419,941254.576234
24.0,178,941414.910178
32.0,980,943310.494435
54.0,146,943486.744728
8.0,288,944113.158513
56.0,103,944346.62148
26.0,117,944537.326822
22.0,362,945042.006698
0.0,634,946408.101379
19.0,901,947967.827305
42.0,212,948150.442582
32.0,1853,951632.073683
14.0,841,952843.555427
68.0,122,952942.453374
20.0,1264,955604.280503
38.0,148,955817.056863
12.0,292,956248.526853
20.0,921,957998.822466
28.0,755,959347.793984
44.0,3,959369.475976
26.0,451,959800.641154
69.0,84,960087.78582
20.0,102,960815.930452
30.0,406,961899.373419
18.0,114,962031.880947
46.0,1534,964705.884423
57.0,177,964964.670183
22.0,1046,966671.035329
22.0,332,967149.725283
38.0,136,967249.867329
57.0,761,968793.885864
65.0,178,969019.448591
28.0,356,969491.189722
38.0,143,969644.309782
18.0,630,970717.638413
38.0,148,970985.249324
18.0,722,972256.411733
28.0,309,973057.744469
67.0,21,973135.797072
61.0,161,973388.96538
43.0,2000,977785.128295
32.0,292,978099.377528
42.0,104,978181.607657
20.0,525,978756.268244
14.0,947,980869.4529
41.0,1891,983941.354919
14.0,1012,985526.805587
36.0,495,986340.297138
22.0,236,986756.849637
24.0,310,987427.11481
59.0,686,988359.179747
24.0,514,989114.796861
22.0,552,990285.171258
58.0,198,990710.630106
28.0,323,990958.726151
36.0,166,991006.614051
20.0,853,992575.093089
24.0,407,993201.955955
62.0,222,993978.494416
62.0,83,994131.571154
42.0,117,994322.260079
16.0,801,995763.404128
53.0,228,996091.251591
56.0,49,996161.065749
54.0,423,996674.833295
38.0,134,996874.614025
18.0,368,997794.122903
44.0,1843,999807.572247
47.0,604,1000904.415735
40.0,786,1001516.945712
20.0,282,1001710.306831
16.0,608,1002933.948499
24.0,249,1003593.351491
44.0,116,1003773.224983
20.0,170,1004020.633988
10.0,1894,1006919.518199
26.0,186,1007087.46541
121.0,78,1007205.523566
20.0,405,1007717.635958
20.0,209,1007975.133374
47.0,201,1008552.220708
40.0,282,1009241.170703
131.0,26,1009295.331677
26.0,372,1009980.338958
30.0,372,1010324.11766
16.0,2000,1013088.53605
59.0,33,1013153.651453
20.0,1713,1015118.801664
48.0,2000,1018622.689251
46.0,124,1018793.635321
10.0,204,1019321.289783
44.0,694,1020334.311144
40.0,730,1021633.697742
24.0,59,1021657.542326
126.0,17,1021713.598754
66.0,172,1021953.93055
48.0,643,1022817.023959
8.0,122,1023138.735941
22.0,387,1023657.375651
32.0,1045,1025334.355928
42.0,173,1025498.536211
22.0,602,1026160.775364
47.0,271,1026313.933963
22.0,142,1026566.452536
68.0,499,1027363.131526
12.0,960,1028615.298741
-2.0,26,1028643.760206
36.0,145,1028786.963172
20.0,1140,1030684.294051
39.0,1248,1032262.756429
26.0,394,1032827.271195
35.0,829,1034159.781119
14.0,779,1035309.069414
24.0,1318,1037192.090484
32.0,335,1037629.221401
16.0,149,1037798.893838
16.0,810,1039152.024403
18.0,2000,1041851.984918
57.0,65,1041972.110261
14.0,277,1042313.778792
34.0,256,1042740.074899
6.0,621,1043631.851101
33.0,371,1043852.733217
42.0,216,1044158.091412
24.0,1159,1046304.67115
12.0,74,1046402.951567
20.0,971,1047581.866734
42.0,87,1047838.524364
20.0,54,1047885.419651
50.0,223,1048044.455247
24.0,2000,1050965.407021
50.0,512,1051473.111348
24.0,552,1051961.356619
70.0,127,1052131.291681
24.0,1579,1054815.507705
28.0,258,1055142.406837
54.0,61,1055247.535638
22.0,431,1056258.267625
26.0,601,1057334.317934
30.0,80,1057551.552469
45.0,307,1057986.320391
18.0,169,1058333.050215
32.0,284,1059330.10627
136.0,23,1059443.029857
50.0,1011,1061421.653105
12.0,1093,1063609.983168
26.0,1392,1066286.862349
34.0,710,1067342.420351
30.0,932,1068966.083165
16.0,182,1069213.890677
34.0,807,1070599.415397
63.0,22,1070683.437497
73.0,89,1070835.932075
26.0,275,1071204.40257
22.0,2000,1076155.863482
20.0,460,1076568.765541
20.0,354,1077626.924073
54.0,134,1077693.773998
28.0,799,1079166.453256
39.0,1334,1081382.684859
22.0,2000,1084896.807705
83.0,190,1085116.438142
18.0,1219,1086508.926049
54.0,6,1086553.410886
26.0,1100,1088769.303175
36.0,214,1089064.060328
121.0,110,1089154.049652
14.0,654,1091052.874751
28.0,314,1091645.613993
40.0,307,1092056.957164
36.0,277,1092470.433282
53.0,283,1092829.074918
30.0,683,1093782.975742
44.0,1165,1095715.137952
111.0,69,1095930.517312
60.0,668,1096850.421364
36.0,665,1097945.245711
22.0,113,1098162.306327
16.0,808,1098930.047166
54.0,1539,1101023.264469
28.0,461,1101583.84427
20.0,229,1101843.862817
58.0,210,1102057.485884
10.0,1199,1104365.471244
20.0,822,1105662.823378
24.0,902,1107357.066442
34.0,1351,1109473.110502
26.0,238,1110161.826243
22.0,953,1111745.281181
44.0,392,1111982.280072
22.0,88,1112119.669668
8.0,330,1112561.672906
28.0,746,1114022.712931
14.0,1052,1115311.205758
42.0,169,1115557.069343
16.0,204,1115816.148929
24.0,304,1115922.921472
17.0,649,1117537.021713
26.0,422,1118005.053576
38.0,76,1118153.402462
0.0,24,1118157.891106
34.0,152,1118383.792197
26.0,69,1118517.883445
36.0,532,1118802.00342
58.0,223,1119468.578047
22.0,2000,1121903.739231
30.0,427,1122699.223773
40.0,349,1123452.190521
12.0,1633,1126132.99943
56.0,218,1126455.118212
12.0,936,1127445.15598
28.0,718,1129140.454061
30.0,1304,1130994.496885
53.0,544,1132005.329716
56.0,300,1132392.214043
32.0,2000,1135892.922621
16.0,1004,1137321.402543
112.0,50,1137653.955638
38.0,113,1137907.757293
71.0,57,1138035.62557
89.0,340,1138804.274639
34.0,2000,1141778.240982
22.0,442,1142584.37135
32.0,172,1143041.947148
51.0,1676,1145570.306142
24.0,119,1146128.298966
18.0,415,1146505.798144
8.0,105,1146557.085764
14.0,574,1147498.529464
45.0,38,1147552.969589
22.0,201,1147854.564952
22.0,196,1148188.446825
26.0,147,1148330.108808
40.0,142,1148502.356371
94.0,31,1148556.182554
12.0,1137,1150745.44713
44.0,2000,1154211.53567
22.0,207,1154469.777638
28.0,802,1155436.593882
161.0,57,1155908.518105
32.0,506,1156428.481553
30.0,123,1156531.16481
95.0,142,1156688.899972
30.0,144,1156823.817952
24.0,512,1157120.481726
14.0,1006,1158790.135419
16.0,242,1159398.984652
28.0,348,1160089.721196
-2.0,268,1160614.479439
34.0,1678,1163471.3179
34.0,2000,1166892.671124
67.0,163,1167189.489856
20.0,616,1168311.32142
32.0,750,1169974.226355
27.0,614,1171445.618414
79.0,81,1171554.679876
46.0,830,1172540.077267
22.0,213,1173321.367393
37.0,522,1173964.211598
18.0,148,1174494.805061
157.0,32,1174617.899575
16.0,199,1174921.736437
58.0,169,1175459.758406
89.0,82,1175619.089409
24.0,894,1177325.823423
33.0,287,1177653.085292
127.0,92,1177772.167285
18.0,176,1177959.763613
124.0,68,1178082.20246
26.0,171,1178173.734114
68.0,120,1178245.852153
30.0,248,1178622.439239
30.0,322,1178978.032701
59.0,368,1179262.932484
8.0,507,1180075.352957
50.0,13,1180142.081061
24.0,212,1180456.456568
22.0,359,1180921.88536
52.0,114,1181140.002498
24.0,297,1181438.30683
59.0,82,1181491.986907
30.0,306,1182386.595268
20.0,573,1183438.721636
32.0,565,1184125.646522
26.0,78,1184231.350657
36.0,400,1184746.231449
26.0,668,1185893.633533
88.0,66,1186118.994752
20.0,517,1187364.071666
36.0,123,1187421.352594
40.0,842,1188900.891096
24.0,227,1189204.209532
51.0,1264,1191671.449674
51.0,812,1192520.794803
16.0,490,1193677.40402
12.0,102,1194030.137441
14.0,1273,1196111.870678
38.0,266,1196501.450561
48.0,85,1196768.793506
24.0,885,1198817.92552
133.0,95,1198951.483564
26.0,371,1199244.775545
42.0,378,1199849.605962
65.0,412,1200612.815944
128.0,32,1200671.617216
30.0,238,1201275.393616
10.0,978,1202821.734443
20.0,817,1203934.770339
22.0,410,1204923.164448
28.0,188,1205592.095096
62.0,1150,1209472.144246
92.0,163,1209745.328478
8.0,559,1210919.173908
30.0,982,1212098.507347
31.0,1389,1215015.272534
22.0,253,1215375.699852
30.0,626,1216157.620171
22.0,314,1216559.988467
22.0,461,1217915.436198
14.0,137,1218067.633107
26.0,571,1218811.060135
16.0,485,1220544.16597
44.0,28,1220636.917057
40.0,300,1221009.638664
20.0,959,1222443.134524
10.0,1345,1224506.744996
32.0,1574,1226472.351918
80.0,94,1226802.724639
50.0,121,1227326.080166
40.0,219,1227598.234559
32.0,1645,1230705.647333
30.0,251,1231351.941588
136.0,116,1231487.023164
40.0,2000,1234883.833386
26.0,435,1235894.443249
26.0,352,1236484.326197
38.0,925,1237638.115951
26.0,385,1238340.471734
12.0,581,1239268.719062
48.0,1494,1240888.08599
28.0,176,1241317.58273
28.0,1004,1242622.998077
48.0,196,1242856.490475
24.0,420,1243272.594639
14.0,148,1243375.568885
37.0,2000,1247267.441999
22.0,2000,1249895.823501
22.0,143,1250134.196867
32.0,389,1251006.718497
30.0,347,1251263.004789
20.0,1624,1254335.046576
26.0,189,1254444.084992
28.0,408,1254885.85948
16.0,1843,1258555.90281
46.0,285,1259038.988736
20.0,1197,1260706.270635
18.0,908,1262449.192191
32.0,989,1263990.631405
26.0,113,1264520.499495
37.0,634,1265963.250763
24.0,133,1266038.910537
26.0,545,1267064.564057
20.0,399,1267664.458801
26.0,936,1269470.220171
148.0,309,1269924.4848
64.0,271,1270354.693267
31.0,362,1270817.8482
45.0,960,1272393.546477
34.0,349,1272831.574898
14.0,967,1274334.263048
61.0,217,1274594.78683
48.0,88,1275271.38151
8.0,2000,1279956.988101
17.0,164,1280576.323193
60.0,1056,1282302.407974
30.0,857,1284037.792932
10.0,107,1284072.497231
18.0,122,1284253.076192
32.0,424,1284796.074854
28.0,400,1285384.878649
26.0,763,1286742.363981
37.0,572,1287770.970732
55.0,61,1287920.137659
112.0,20,1287962.634169
54.0,157,1288553.341969
58.0,213,1288828.908436
20.0,514,1289642.003863
18.0,500,1290527.06007
18.0,304,1291149.164092
18.0,184,1291573.762583
26.0,487,1292802.699394
60.0,43,1292842.285517
36.0,823,1294565.610917
28.0,801,1296214.984233
66.0,79,1296575.837003
18.0,336,1296896.564675
18.0,1069,1298843.106364
18.0,850,1300121.331999
48.0,159,1300318.853672
27.0,395,1300981.863869
28.0,484,1301692.361112
35.0,806,1302873.643182
103.0,20,1302984.414845
16.0,1403,1304662.295454
119.0,162,1304895.503458
22.0,859,1305944.204583
19.0,485,1306879.475756
28.0,246,1307360.316973
95.0,24,1307388.028227
22.0,183,1307679.057424
8.0,487,1308439.740047
16.0,587,1309328.645462
38.0,232,1309545.407341
36.0,232,1309926.862407
10.0,206,1310318.09661
28.0,2000,1314369.260147
64.0,248,1314629.986199
32.0,339,1314792.072543
32.0,1081,1316746.979277
57.0,251,1317087.263021
36.0,2000,1320362.662454
32.0,369,1320829.661452
18.0,883,1322722.669168
22.0,312,1323107.246552
140.0,14,1323153.216171
6.0,628,1324437.918649
38.0,491,1325324.085916
12.0,256,1326170.398108
34.0,185,1326475.895412
34.0,107,1326744.907912
140.0,19,1326837.724727
24.0,1406,1329496.170431
54.0,85,1329671.00194
38.0,199,1330349.537655
58.0,139,1330579.083761
15.0,1018,1332120.103014
8.0,1170,1334986.310357
42.0,309,1335525.586872
30.0,580,1336353.684451
28.0,569,1337492.796462
18.0,491,1339269.780038
42.0,59,1339444.510086
58.0,2000,1344375.809831
28.0,435,1345674.157456
16.0,151,1345904.00737
55.0,36,1346044.253585
22.0,664,1347842.681702
34.0,270,1348309.214343
55.0,594,1349352.716111
108.0,45,1349460.095412
27.0,774,1351129.503517
6.0,698,1352616.493505
40.0,242,1353464.802067
0.0,1,1353519.50262
22.0,244,1354107.995902
20.0,277,1354618.498468
12.0,320,1355111.686826
22.0,797,1356350.752315
22.0,844,1358982.356127
26.0,130,1359236.052333
21.0,2000,1362071.091744
131.0,71,1362253.130068
33.0,1383,1365282.934037
40.0,254,1366006.70787
28.0,371,1366913.699706
45.0,183,1367247.011023
138.0,12,1367289.275492
24.0,1525,1370004.226037
18.0,1400,1372830.306321
48.0,219,1373066.291569
24.0,274,1374076.387056
143.0,99,1374345.049358
6.0,409,1375016.110987
16.0,401,1375755.824801
36.0,390,1376412.934725
36.0,292,1377013.56552
120.0,117,1377168.941971
60.0,119,1377286.705852
80.0,135,1377906.565507
24.0,272,1378314.481682
53.0,183,1378570.221842
14.0,217,1378856.932508
30.0,720,1380626.807974
68.0,196,1380830.017483
22.0,1879,1385981.043193
34.0,226,1386362.333029
24.0,161,1386691.052015
30.0,2000,1390919.778979
24.0,931,1393351.760923
30.0,171,1393763.410023
14.0,520,1394752.817431
26.0,140,1395084.418216
72.0,697,1397089.150944
28.0,304,1397499.734255
34.0,133,1397846.068022
24.0,1086,1400302.982626
16.0,1717,1404098.359803
113.0,388,1404974.570843
4.0,53,1405142.545995
76.0,51,1405307.672193
24.0,1365,1407992.351732
18.0,2000,1411762.650817
24.0,604,1412240.775662
26.0,2000,1415595.684244
34.0,481,1416740.666698
26.0,306,1417630.598003
6.0,429,1418471.4413
38.0,1013,1419941.857409
60.0,155,1420130.468519
28.0,214,1420834.396488
20.0,2000,1423791.545564
30.0,1047,1425987.460936
21.0,223,1426515.689847
53.0,663,1428198.276739
89.0,77,1428339.449699
40.0,166,1428547.750994
21.0,354,1429032.876868
42.0,380,1429724.194905
18.0,1279,1432554.468009
32.0,346,1433090.104926
32.0,150,1433393.72649
36.0,390,1434070.789517
30.0,255,1434491.677236
38.0,520,1435749.805977
42.0,131,1436027.833439
22.0,2000,1440111.293518
32.0,875,1442391.770953
47.0,925,1444128.942794
12.0,2000,1448112.496564
38.0,98,1448211.513198
56.0,110,1448731.805
28.0,1519,1452558.490827
32.0,176,1452750.244261
107.0,613,1454248.228966
18.0,405,1455160.431906
38.0,252,1455576.815915
135.0,161,1455761.267511
86.0,256,1456199.799779
24.0,2000,1460996.318811
24.0,462,1461656.890213
22.0,1382,1464729.476116
22.0,604,1466151.707475
46.0,88,1466265.383228
18.0,765,1468378.751498
66.0,464,1469394.079247
20.0,98,1469508.47916
21.0,237,1470330.781302
67.0,140,1470728.832999
30.0,2000,1476471.72997
28.0,231,1476979.552924
34.0,107,1477107.28212
22.0,2000,1481542.738277
18.0,582,1483426.133581
